go_term,n_val_proteins,n_test_neg,auc_val_vs_test_neg,aupr_val_vs_test_neg,pct_llr_positive,median_val_cav_score,median_test_pos_pct,median_test_neg_pct,median_llr,median_test_pos_zscore,go_term_name,depth,n_ancestors,tool_auc,tool_aupr,tool_recall_at_threshold,tool_n_val_nonzero,spearman_r_cav_vs_tool,spearman_p_cav_vs_tool,auc_diff_cav_minus_tool
GO:1990961,7,12,1.0000,1.0000,85.7143,3.0828,33.3333,100.0000,3.7453,0.1515,xenobiotic detoxification by transmembrane export across the plasma membrane,,14,0.5714,0.4586,0.1429,1,0.6124,0.1438,0.4286
GO:1990573,8,32,1.0000,1.0000,100.0000,4.7822,47.0588,100.0000,7.1091,-0.2276,potassium ion import across plasma membrane,,17,0.6875,0.5000,0.3750,3,0.0273,0.9489,0.3125
GO:0006120,49,22,1.0000,1.0000,97.9592,4.9462,50.0000,100.0000,7.3761,-0.1092,"mitochondrial electron transport, NADH to ubiquinone",,13,0.6633,0.7913,0.3265,16,0.0876,0.5495,0.3367
GO:0095500,18,19,1.0000,1.0000,100.0000,4.2779,18.1818,100.0000,5.9873,-0.5724,acetylcholine receptor signaling pathway,,21,0.5278,0.5150,0.0556,1,0.3506,0.1537,0.4722
GO:0003254,5,23,1.0000,1.0000,100.0000,2.8482,50.0000,100.0000,1.4428,0.3168,regulation of membrane depolarization,,6,0.5000,0.1786,0.0000,0,,,0.5000
GO:0006086,6,12,1.0000,1.0000,100.0000,6.2704,75.0000,100.0000,71.0976,0.6527,pyruvate decarboxylation to acetyl-CoA,,30,1.0000,1.0000,1.0000,6,0.5429,0.2657,0.0000
GO:0006370,4,19,1.0000,1.0000,100.0000,5.0748,65.0000,100.0000,15.8842,0.5393,7-methylguanosine mRNA capping,,20,0.5000,0.1739,0.0000,0,,,0.5000
GO:0071985,11,44,1.0000,1.0000,100.0000,3.6944,79.1667,100.0000,3.3797,0.5269,multivesicular body sorting pathway,,6,0.9545,0.9273,0.9091,10,0.3000,0.3701,0.0455
GO:0005978,10,24,1.0000,1.0000,100.0000,4.0814,38.4615,100.0000,4.5820,0.1019,glycogen biosynthetic process,,17,0.8500,0.7882,0.7000,7,0.2025,0.5748,0.1500
GO:0006002,9,29,1.0000,1.0000,77.7778,6.9213,46.6667,100.0000,26.9282,-0.6839,fructose 6-phosphate metabolic process,,6,0.5000,0.2368,0.0000,0,,,0.5000
GO:0086010,9,13,1.0000,1.0000,100.0000,5.6998,80.0000,100.0000,9.1316,0.8354,membrane depolarization during action potential,,6,0.5000,0.4091,0.0000,0,,,0.5000
GO:0002183,8,35,1.0000,1.0000,100.0000,4.4528,5.8824,100.0000,5.9306,-1.1474,cytoplasmic translational initiation,,13,0.5000,0.1860,0.0000,0,,,0.5000
GO:0055062,6,12,1.0000,1.0000,100.0000,2.4152,33.3333,100.0000,1.4389,-0.6309,phosphate ion homeostasis,,4,0.5000,0.3333,0.0000,0,,,0.5000
GO:0060333,17,9,1.0000,1.0000,100.0000,4.3993,60.0000,100.0000,8.5564,0.6595,type II interferon-mediated signaling pathway,,31,0.5588,0.6946,0.1176,2,-0.1269,0.6274,0.4412
GO:0050995,6,13,1.0000,1.0000,100.0000,3.5849,28.5714,100.0000,4.5841,-0.5178,negative regulation of lipid catabolic process,,14,0.5000,0.3158,0.0000,0,,,0.5000
GO:0051156,8,43,1.0000,1.0000,100.0000,4.9503,56.5217,100.0000,9.1421,0.1781,glucose 6-phosphate metabolic process,,6,0.8125,0.6838,0.6250,5,0.2196,0.6013,0.1875
GO:0070268,9,21,1.0000,1.0000,100.0000,4.6282,45.4545,100.0000,5.7271,-0.4584,cornification,,18,0.5000,0.3000,0.0000,0,,,0.5000
GO:0006635,8,62,1.0000,1.0000,100.0000,3.4508,65.6250,100.0000,5.2358,0.3827,fatty acid beta-oxidation,,19,0.6250,0.3357,0.2500,2,0.5144,0.1922,0.3750
GO:0070681,6,14,1.0000,1.0000,100.0000,8.7796,25.0000,100.0000,72.5849,-0.7072,glutaminyl-tRNAGln biosynthesis via transamidation,,12,0.5000,0.3000,0.0000,0,,,0.5000
GO:0070498,8,23,1.0000,1.0000,100.0000,3.2811,62.5000,100.0000,4.3516,0.6394,interleukin-1-mediated signaling pathway,,18,0.5000,0.2581,0.0000,0,,,0.5000
GO:0006123,5,35,1.0000,1.0000,100.0000,6.6623,21.0526,100.0000,22.5596,-1.0943,"mitochondrial electron transport, cytochrome c to oxygen",,13,1.0000,1.0000,1.0000,5,-0.1000,0.8729,0.0000
GO:0006122,10,30,1.0000,1.0000,100.0000,6.0491,70.0000,100.0000,26.1594,0.0237,"mitochondrial electron transport, ubiquinol to cytochrome c",,13,0.8500,0.7750,0.7000,7,-0.2025,0.5748,0.1500
GO:0006432,8,21,1.0000,1.0000,100.0000,13.1658,35.0000,100.0000,108.2573,-0.8542,phenylalanyl-tRNA aminoacylation,,19,0.8125,0.7284,0.6250,5,0.0244,0.9543,0.1875
GO:0006415,7,41,1.0000,1.0000,100.0000,4.2159,85.7143,100.0000,8.9525,0.7096,translational termination,,16,0.7857,0.6339,0.5714,4,0.6671,0.1016,0.2143
GO:0051968,5,16,1.0000,1.0000,100.0000,2.4414,12.5000,100.0000,1.4831,-1.9517,"positive regulation of synaptic transmission, glutamatergic",,14,0.5000,0.2381,0.0000,0,,,0.5000
GO:0061621,12,18,1.0000,1.0000,100.0000,4.8257,0.0000,100.0000,11.2337,-1.6208,canonical glycolysis,,65,0.5833,0.5000,0.1667,2,0.3817,0.2209,0.4167
GO:0006491,14,13,1.0000,1.0000,78.5714,5.0893,28.5714,100.0000,15.4366,0.0853,N-glycan processing,,13,0.6429,0.6561,0.2857,4,0.2973,0.3019,0.3571
GO:0006488,13,12,1.0000,1.0000,100.0000,7.5343,50.0000,100.0000,42.7762,-0.1186,dolichol-linked oligosaccharide biosynthetic process,,13,0.7692,0.7785,0.5385,7,-0.1650,0.5902,0.2308
GO:0042759,5,19,1.0000,1.0000,100.0000,3.8302,30.0000,100.0000,6.7033,0.1233,long-chain fatty acid biosynthetic process,,17,0.5000,0.2083,0.0000,0,,,0.5000
GO:0042403,5,14,1.0000,1.0000,100.0000,4.7487,25.0000,100.0000,11.7590,-0.1034,thyroid hormone metabolic process,,9,0.6000,0.4105,0.2000,1,0.7255,0.1654,0.4000
GO:0009082,8,35,1.0000,1.0000,100.0000,4.8709,47.5000,100.0000,12.8872,-0.4640,branched-chain amino acid biosynthetic process,,12,0.5625,0.2878,0.1250,1,-0.4124,0.3100,0.4375
GO:0042276,9,14,1.0000,1.0000,77.7778,4.0683,25.0000,100.0000,4.3983,-1.1416,error-prone translesion synthesis,,22,0.5556,0.4589,0.1111,1,-0.2739,0.4758,0.4444
GO:0042178,6,22,1.0000,1.0000,100.0000,2.6992,45.4545,100.0000,3.9011,0.3668,xenobiotic catabolic process,,11,0.5000,0.2143,0.0000,0,,,0.5000
GO:0038084,6,10,1.0000,1.0000,100.0000,4.8337,30.0000,100.0000,16.1758,-0.6944,vascular endothelial growth factor signaling pathway,,18,0.6667,0.5833,0.3333,2,-0.4395,0.3832,0.3333
GO:0009235,6,13,1.0000,1.0000,50.0000,3.8035,0.0000,100.0000,1.0203,-3.8460,cobalamin metabolic process,,4,0.5000,0.3158,0.0000,0,,,0.5000
GO:0009083,11,20,1.0000,1.0000,100.0000,4.6476,45.4545,100.0000,7.4710,-0.3245,branched-chain amino acid catabolic process,,13,0.5000,0.3548,0.0000,0,,,0.5000
GO:0009265,8,31,1.0000,1.0000,100.0000,5.5456,62.5000,100.0000,15.7631,0.1775,2'-deoxyribonucleotide biosynthetic process,,20,0.6250,0.4038,0.2500,2,0.5923,0.1218,0.3750
GO:0009401,7,17,1.0000,1.0000,100.0000,4.6705,44.4444,100.0000,8.9559,-0.5632,phosphoenolpyruvate-dependent sugar phosphotransferase system,,11,0.9286,0.8988,0.8571,6,-0.2143,0.6445,0.0714
GO:0007271,5,19,1.0000,1.0000,100.0000,4.5920,72.7273,100.0000,4.2019,0.5113,"synaptic transmission, cholinergic",,11,1.0000,1.0000,1.0000,5,0.6000,0.2848,0.0000
GO:0043647,6,41,1.0000,1.0000,83.3333,4.3611,34.7826,100.0000,4.2019,-0.7876,inositol phosphate metabolic process,,8,0.8333,0.7092,0.6667,4,0.1160,0.8268,0.1667
GO:0009820,12,17,1.0000,1.0000,33.3333,3.6990,94.4444,100.0000,-1.5636,3.3893,alkaloid metabolic process,,3,0.5417,0.4626,0.0833,1,-0.0437,0.8928,0.4583
GO:0009813,5,12,1.0000,1.0000,100.0000,4.6381,66.6667,100.0000,14.7840,0.1592,flavonoid biosynthetic process,,5,0.5000,0.2941,0.0000,0,,,0.5000
GO:0007094,7,25,1.0000,1.0000,100.0000,3.3331,100.0000,100.0000,2.4788,0.7523,mitotic spindle assembly checkpoint signaling,,56,0.7143,0.5536,0.4286,3,0.3349,0.4627,0.2857
GO:0045039,12,22,1.0000,1.0000,100.0000,6.5365,41.6667,100.0000,10.3661,-0.2947,protein insertion into mitochondrial inner membrane,,17,0.5833,0.4608,0.1667,2,-0.4623,0.1302,0.4167
GO:0007159,8,26,1.0000,1.0000,87.5000,3.3558,71.4286,100.0000,6.4531,0.7460,leukocyte cell-cell adhesion,,4,0.7500,0.6176,0.5000,4,0.3044,0.4635,0.2500
GO:0007129,7,21,1.0000,1.0000,100.0000,3.6309,90.9091,100.0000,2.1904,1.0057,homologous chromosome pairing at meiosis,,22,0.6429,0.4643,0.2857,2,-0.7572,0.0487,0.3571
GO:0007214,10,16,1.0000,1.0000,80.0000,4.8644,94.4444,100.0000,8.9599,1.6430,gamma-aminobutyric acid signaling pathway,,7,0.5000,0.3846,0.0000,0,,,0.5000
GO:0007157,5,28,1.0000,1.0000,100.0000,3.4049,53.8462,100.0000,3.5769,-0.3753,heterophilic cell-cell adhesion,,4,0.5000,0.1515,0.0000,0,,,0.5000
GO:0046513,15,37,1.0000,1.0000,93.3333,4.5287,47.3684,100.0000,6.7619,0.2488,ceramide biosynthetic process,,10,0.8333,0.7628,0.6667,10,0.5565,0.0312,0.1667
GO:0006740,5,28,1.0000,1.0000,100.0000,4.2333,33.3333,100.0000,8.2108,-0.1494,NADPH regeneration,,17,0.7000,0.4909,0.4000,2,0.4472,0.4502,0.3000
GO:0006777,9,17,1.0000,1.0000,100.0000,5.0662,22.2222,100.0000,8.8274,-0.3943,Mo-molybdopterin cofactor biosynthetic process,,14,0.5000,0.3462,0.0000,0,,,0.5000
GO:0006833,12,28,1.0000,1.0000,100.0000,4.2731,50.0000,100.0000,7.9970,-0.0096,water transport,,5,0.9583,0.9417,0.9167,11,0.7902,0.0022,0.0417
GO:0006883,16,13,1.0000,1.0000,93.7500,2.0109,12.5000,100.0000,0.9546,-0.7108,intracellular sodium ion homeostasis,,11,0.5312,0.5797,0.0625,1,0.3081,0.2457,0.4688
GO:0006958,6,39,1.0000,1.0000,100.0000,5.8771,0.0000,100.0000,10.6104,-2.0690,"complement activation, classical pathway",,24,0.5000,0.1333,0.0000,0,,,0.5000
GO:0033617,6,26,1.0000,1.0000,100.0000,4.7655,42.8571,100.0000,14.2929,-0.2259,mitochondrial respiratory chain complex IV assembly,,13,0.5833,0.3229,0.1667,1,0.1309,0.8047,0.4167
GO:0030199,5,23,1.0000,1.0000,100.0000,3.5781,83.3333,100.0000,3.3869,0.6387,collagen fibril organization,,7,0.9000,0.8357,0.8000,4,0.9000,0.0374,0.1000
GO:0032757,12,27,1.0000,1.0000,50.0000,2.7482,13.3333,100.0000,1.5367,-1.9829,positive regulation of interleukin-8 production,,21,0.7083,0.5962,0.4167,5,0.8422,0.0006,0.2917
GO:0032924,5,13,1.0000,1.0000,100.0000,6.1231,28.5714,100.0000,15.0569,-0.4540,activin receptor signaling pathway,,14,0.9000,0.8556,0.8000,4,-0.1000,0.8729,0.1000
GO:0016925,11,33,1.0000,1.0000,100.0000,3.6422,47.0588,100.0000,10.4109,0.2586,protein sumoylation,,13,0.7727,0.6591,0.5455,6,0.2347,0.4872,0.2273
GO:0031053,6,13,1.0000,1.0000,100.0000,5.1247,57.1429,100.0000,11.8442,0.2943,primary miRNA processing,,33,0.5833,0.4298,0.1667,1,-0.1309,0.8047,0.4167
GO:0019646,5,38,1.0000,1.0000,100.0000,5.2919,9.5238,100.0000,24.9153,-0.9757,aerobic electron transport chain,,10,0.9000,0.8233,0.8000,4,0.7000,0.1881,0.1000
GO:0031638,7,34,1.0000,1.0000,100.0000,3.1580,64.7059,100.0000,3.1068,0.3391,zymogen activation,,12,0.5000,0.1707,0.0000,0,,,0.5000
GO:0000290,7,13,1.0000,1.0000,100.0000,4.7412,28.5714,100.0000,14.6487,0.0898,deadenylation-dependent decapping of nuclear-transcribed mRNA,,54,0.5000,0.3500,0.0000,0,,,0.5000
GO:0001504,6,17,1.0000,1.0000,100.0000,4.6410,75.0000,100.0000,10.7971,0.7305,neurotransmitter uptake,,6,1.0000,1.0000,1.0000,6,-0.7143,0.1108,0.0000
GO:0000103,5,17,1.0000,1.0000,60.0000,3.7218,0.0000,100.0000,5.1205,-2.4122,sulfate assimilation,,4,0.5000,0.2273,0.0000,0,,,0.5000
GO:0000289,17,22,1.0000,1.0000,100.0000,3.8412,60.0000,100.0000,6.2072,0.4112,nuclear-transcribed mRNA poly(A) tail shortening,,52,0.5882,0.5354,0.1765,3,-0.1695,0.5154,0.4118
GO:1904659,10,41,1.0000,1.0000,100.0000,3.7461,70.4545,100.0000,5.3746,0.6429,D-glucose transmembrane transport,,10,0.8500,0.7588,0.7000,7,0.6442,0.0444,0.1500
GO:1902476,21,35,1.0000,1.0000,90.4762,4.4643,11.1111,100.0000,17.0011,-1.4006,chloride transmembrane transport,,12,0.7619,0.7024,0.5238,11,0.5651,0.0076,0.2381
GO:0031119,6,14,1.0000,1.0000,100.0000,9.1660,43.7500,100.0000,35.1444,0.4033,tRNA pseudouridine synthesis,,21,0.5833,0.4167,0.1667,1,0.3928,0.4411,0.4167
GO:1990481,6,15,1.0000,1.0000,100.0000,15.0681,78.5714,100.0000,185.6640,1.2939,mRNA pseudouridine synthesis,,13,0.7500,0.6429,0.5000,3,-0.0911,0.8638,0.2500
GO:0035036,7,23,1.0000,1.0000,100.0000,3.1794,23.0769,100.0000,4.3250,-0.6189,sperm-egg recognition,,8,0.5000,0.2333,0.0000,0,,,0.5000
GO:0034695,5,12,1.0000,1.0000,100.0000,3.1975,50.0000,100.0000,3.9475,0.2146,response to prostaglandin E,,10,0.5000,0.2941,0.0000,0,,,0.5000
GO:0034113,5,13,1.0000,1.0000,80.0000,4.9518,85.7143,100.0000,6.1717,0.7458,heterotypic cell-cell adhesion,,4,0.5000,0.2778,0.0000,0,,,0.5000
GO:0035235,5,11,1.0000,1.0000,100.0000,4.4826,25.0000,100.0000,21.1457,-0.5476,ionotropic glutamate receptor signaling pathway,,13,1.0000,1.0000,1.0000,5,-0.2000,0.7471,0.0000
GO:0015012,16,11,1.0000,1.0000,100.0000,4.9874,75.0000,100.0000,22.3213,0.4642,heparan sulfate proteoglycan biosynthetic process,,17,0.7812,0.8218,0.5625,9,-0.2487,0.3530,0.2188
GO:0009821,35,11,1.0000,1.0000,94.2857,3.7033,80.0000,100.0000,15.8685,0.6734,alkaloid biosynthetic process,,7,0.5857,0.8019,0.1714,6,0.0158,0.9283,0.4143
GO:0035269,10,18,1.0000,1.0000,100.0000,5.2609,50.0000,100.0000,13.7953,0.1687,protein O-linked glycosylation via mannose,,13,0.5000,0.3571,0.0000,0,,,0.5000
GO:0016266,24,15,1.0000,1.0000,95.8333,6.1920,42.8571,100.0000,11.7000,0.3686,protein O-linked glycosylation via N-acetylgalactosamine,,13,0.8750,0.9038,0.7500,18,0.5877,0.0025,0.1250
GO:0034315,7,13,1.0000,1.0000,100.0000,3.7096,42.8571,100.0000,4.7968,0.2600,regulation of Arp2/3 complex-mediated actin nucleation,,12,0.6429,0.5357,0.2857,2,0.4900,0.2643,0.3571
GO:0006744,17,42,0.9986,0.9967,88.2353,4.0879,57.1429,100.0000,8.2175,0.0358,ubiquinone biosynthetic process,,11,0.7647,0.6650,0.5294,9,0.7569,0.0004,0.2339
GO:0071577,14,24,0.9970,0.9952,92.8571,6.2028,23.0769,100.0000,12.6198,-0.3958,zinc ion transmembrane transport,,13,0.9643,0.9549,0.9286,13,0.0330,0.9109,0.0327
GO:0043171,8,40,0.9969,0.9861,87.5000,3.8348,4.7619,100.0000,12.5101,-1.3928,peptide catabolic process,,5,0.5000,0.1667,0.0000,0,,,0.4969
GO:0050911,16,14,0.9955,0.9963,43.7500,4.1460,0.0000,100.0000,-18.3535,-8.6905,detection of chemical stimulus involved in sensory perception of smell,,13,0.9688,0.9708,0.9375,15,0.7882,0.0003,0.0268
GO:0006513,13,48,0.9952,0.9838,92.3077,3.0725,8.3333,100.0000,4.7993,-0.9762,protein monoubiquitination,,12,0.6538,0.4552,0.3077,4,0.0805,0.7937,0.3414
GO:0015804,14,44,0.9951,0.9846,100.0000,3.2970,52.1739,100.0000,4.8314,0.2172,neutral amino acid transport,,5,0.7143,0.5665,0.4286,6,0.0073,0.9802,0.2808
GO:0030422,10,20,0.9950,0.9909,100.0000,4.3989,70.0000,100.0000,3.0888,0.5899,siRNA processing,,32,0.7000,0.6000,0.4000,4,0.2799,0.4334,0.2950
GO:0006367,72,59,0.9948,0.9962,95.8333,3.1784,40.7407,100.0000,4.2612,-0.1125,transcription initiation at RNA polymerase II promoter,,17,0.5625,0.6059,0.1250,9,0.1855,0.1188,0.4323
GO:0006103,8,24,0.9948,0.9861,87.5000,4.2486,33.3333,100.0000,9.7298,-0.5896,2-oxoglutarate metabolic process,,7,0.5000,0.2500,0.0000,0,,,0.4948
GO:0030509,24,52,0.9944,0.9892,100.0000,3.6751,74.0741,100.0000,4.0708,0.5201,BMP signaling pathway,,20,0.9375,0.9145,0.8750,21,-0.0270,0.9004,0.0569
GO:0009251,5,35,0.9943,0.9667,100.0000,2.5894,21.0526,100.0000,2.0120,-0.2501,glucan catabolic process,,12,0.6000,0.3000,0.2000,1,-0.7071,0.1817,0.3943
GO:0009312,5,64,0.9938,0.9429,100.0000,2.7752,52.9412,100.0000,5.4902,0.0678,oligosaccharide biosynthetic process,,8,0.6922,0.3768,0.4000,2,-0.3354,0.5811,0.3016
GO:0031124,22,57,0.9936,0.9855,100.0000,3.0317,53.3333,100.0000,3.6546,0.2534,mRNA 3'-end processing,,18,0.5000,0.2785,0.0000,0,,,0.4936
GO:0031146,18,60,0.9935,0.9782,94.4444,4.4315,46.8750,100.0000,5.1968,0.2201,SCF-dependent proteasomal ubiquitin-dependent protein catabolic process,,14,0.8056,0.7009,0.6111,11,0.4306,0.0745,0.1879
GO:0043266,7,63,0.9932,0.9379,100.0000,2.6526,43.7500,100.0000,2.8452,-0.2320,regulation of potassium ion transport,,7,0.5000,0.1000,0.0000,0,,,0.4932
GO:0099560,43,11,0.9915,0.9980,93.0233,4.1325,33.3333,100.0000,9.5983,-0.3371,synaptic membrane adhesion,,8,0.6395,0.8531,0.2791,12,0.1462,0.3496,0.3520
GO:0007254,6,18,0.9907,0.9762,100.0000,2.9010,50.0000,100.0000,1.6705,0.4705,JNK cascade,,13,0.7500,0.6250,0.5000,3,0.3947,0.4387,0.2407
GO:0007596,5,43,0.9907,0.9267,100.0000,2.4632,40.0000,100.0000,1.8863,0.0748,blood coagulation,,11,0.5000,0.1042,0.0000,0,,,0.4907
GO:0042102,5,59,0.9898,0.9250,100.0000,2.5851,19.3548,100.0000,2.5994,-0.7972,positive regulation of T cell proliferation,,33,0.5000,0.0781,0.0000,0,,,0.4898
GO:0019228,6,15,0.9889,0.9762,50.0000,3.5590,43.7500,100.0000,-5.3604,-2.7092,neuronal action potential,,11,0.5000,0.2857,0.0000,0,,,0.4889
GO:0016556,10,42,0.9881,0.9667,70.0000,3.7224,26.1905,100.0000,4.6519,-0.8107,mRNA modification,,11,0.6500,0.4346,0.3000,3,0.5909,0.0721,0.3381
GO:0043952,8,10,0.9875,0.9861,50.0000,3.2831,8.3333,100.0000,4.7452,-1.9102,protein transport by the Sec complex,,11,0.5000,0.4444,0.0000,0,,,0.4875
GO:0030279,6,38,0.9868,0.9306,100.0000,2.8455,62.5000,100.0000,3.2775,0.1642,negative regulation of ossification,,7,0.5000,0.1364,0.0000,0,,,0.4868
GO:0045879,18,21,0.9868,0.9853,100.0000,3.0585,81.8182,100.0000,2.8067,0.4738,negative regulation of smoothened signaling pathway,,15,0.5000,0.4615,0.0000,0,,,0.4868
GO:0043162,24,12,0.9861,0.9940,95.8333,4.9870,100.0000,100.0000,9.9035,0.9359,ubiquitin-dependent protein catabolic process via the multivesicular body sorting pathway,,12,0.8542,0.9028,0.7083,17,0.3636,0.0807,0.1319
GO:0042138,6,12,0.9861,0.9762,100.0000,3.9183,75.0000,100.0000,3.7063,0.4490,meiotic DNA double-strand break formation,,15,0.5000,0.3333,0.0000,0,,,0.4861
GO:0006383,37,25,0.9859,0.9930,97.2973,3.9308,61.5385,100.0000,6.4292,-0.0161,transcription by RNA polymerase III,,15,0.5676,0.6513,0.1351,5,0.0868,0.6096,0.4183
GO:0006569,8,39,0.9840,0.9519,87.5000,4.5923,37.5000,100.0000,12.1572,-0.2292,L-tryptophan catabolic process,,20,0.5625,0.2739,0.1250,1,0.2474,0.5546,0.4215
GO:0031297,12,25,0.9833,0.9755,91.6667,3.5808,65.3846,100.0000,5.5495,0.2017,replication fork processing,,11,0.5833,0.4369,0.1667,2,0.5698,0.0531,0.4000
GO:0016558,11,16,0.9830,0.9751,81.8182,4.2548,25.0000,100.0000,6.7941,0.0923,protein import into peroxisome matrix,,28,0.6818,0.6229,0.3636,4,0.0688,0.8407,0.3012
GO:0006099,15,77,0.9827,0.8541,86.6667,4.2455,12.8205,98.7013,5.4680,-0.9397,tricarboxylic acid cycle,,8,0.7628,0.6020,0.5333,8,0.1543,0.5828,0.2199
GO:0007193,45,55,0.9818,0.9707,97.7778,3.6299,21.4286,98.1818,4.3178,0.0630,adenylate cyclase-inhibiting G protein-coupled receptor signaling pathway,,12,0.6000,0.5600,0.2000,9,0.2081,0.1702,0.3818
GO:0035176,8,26,0.9808,0.9583,87.5000,2.7354,46.8750,100.0000,2.7473,0.0376,social behavior,,4,0.5000,0.2353,0.0000,0,,,0.4808
GO:0016082,13,12,0.9808,0.9856,84.6154,4.5852,16.6667,100.0000,8.1947,-0.9556,synaptic vesicle priming,,36,0.5385,0.5569,0.0769,1,0.4629,0.1112,0.4423
GO:0007160,7,43,0.9801,0.9341,100.0000,3.3834,66.6667,100.0000,2.7184,0.5000,cell-matrix adhesion,,4,0.8538,0.7543,0.7143,5,-0.0360,0.9389,0.1263
GO:0038127,5,37,0.9784,0.8762,80.0000,2.6959,16.6667,100.0000,1.6864,-1.1308,ERBB signaling pathway,,13,0.5000,0.1190,0.0000,0,,,0.4784
GO:0016079,14,26,0.9780,0.9579,92.8571,3.8641,29.1667,100.0000,3.9070,-0.1648,synaptic vesicle exocytosis,,28,0.8929,0.8607,0.7857,11,0.2788,0.3345,0.0851
GO:0002224,11,37,0.9779,0.9356,100.0000,3.3384,72.2222,100.0000,2.3529,0.4739,toll-like receptor signaling pathway,,33,0.7727,0.6496,0.5455,6,0.8295,0.0016,0.2052
GO:0007498,6,29,0.9770,0.9167,100.0000,2.8794,60.0000,100.0000,2.3268,0.3311,mesoderm development,,4,0.6552,0.4476,0.3333,2,-0.4459,0.3755,0.3218
GO:0030195,6,29,0.9770,0.9333,83.3333,3.0463,33.3333,100.0000,2.9564,-0.1542,negative regulation of blood coagulation,,22,0.5833,0.3095,0.1667,1,0.1309,0.8047,0.3937
GO:1904646,7,18,0.9762,0.9478,85.7143,3.2366,42.8571,100.0000,4.8497,0.2908,cellular response to amyloid-beta,,11,0.5000,0.2800,0.0000,0,,,0.4762
GO:0035725,22,49,0.9750,0.9591,81.8182,4.5086,44.2308,100.0000,7.0942,-0.1786,sodium ion transmembrane transport,,12,0.8636,0.8118,0.7273,16,0.4352,0.0430,0.1114
GO:0048863,7,45,0.9746,0.9238,100.0000,2.9257,77.2727,100.0000,1.7576,0.3579,stem cell differentiation,,5,0.5619,0.2582,0.1429,1,-0.4082,0.3632,0.4127
GO:0048013,6,26,0.9744,0.8734,100.0000,3.4189,60.0000,96.1538,2.5367,0.3196,ephrin receptor signaling pathway,,13,0.8269,0.7292,0.6667,4,-0.5798,0.2278,0.1475
GO:0061844,17,60,0.9735,0.9639,82.3529,3.9058,9.6774,100.0000,3.6022,-1.4538,antimicrobial humoral immune response mediated by antimicrobial peptide,,15,0.6176,0.4041,0.2353,4,0.5565,0.0203,0.3559
GO:0036297,12,25,0.9733,0.9576,75.0000,3.7534,39.2857,100.0000,9.2177,-0.0933,interstrand cross-link repair,,14,0.5417,0.3806,0.0833,1,0.3930,0.2063,0.4316
GO:0007219,6,50,0.9733,0.9048,100.0000,2.6213,78.8462,100.0000,3.3575,0.5211,Notch signaling pathway,,11,0.6667,0.4048,0.3333,2,0.8452,0.0341,0.3066
GO:0006298,11,53,0.9726,0.9265,72.7273,4.1777,32.1429,100.0000,5.3149,-0.3817,mismatch repair,,14,0.7727,0.6236,0.5455,6,0.6293,0.0380,0.1999
GO:0048268,6,12,0.9722,0.9583,66.6667,5.9371,41.6667,100.0000,12.2675,-0.1881,clathrin coat assembly,,8,0.6667,0.5556,0.3333,2,0.2704,0.6042,0.3055
GO:0071277,19,55,0.9713,0.9005,89.4737,2.7218,25.9259,98.1818,3.1756,0.0703,cellular response to calcium ion,,9,0.5000,0.2568,0.0000,0,,,0.4713
GO:0007131,11,41,0.9690,0.9288,81.8182,3.3173,60.8696,100.0000,3.6239,0.5215,reciprocal meiotic recombination,,25,0.8636,0.7850,0.7273,8,0.4679,0.1467,0.1054
GO:0050868,12,58,0.9684,0.9230,83.3333,2.5736,66.6667,100.0000,3.5799,0.2755,negative regulation of T cell activation,,23,0.5417,0.2405,0.0833,1,-0.0437,0.8928,0.4267
GO:0006825,6,15,0.9667,0.9306,66.6667,3.6319,21.4286,100.0000,6.0033,-0.8533,copper ion transport,,8,0.6667,0.5238,0.3333,2,0.5409,0.2678,0.3000
GO:0006821,8,55,0.9659,0.9048,50.0000,2.5953,8.6207,100.0000,1.6173,-1.5287,chloride transport,,7,0.7500,0.5635,0.5000,4,0.6849,0.0609,0.2159
GO:0006474,9,19,0.9649,0.9060,66.6667,2.7282,0.0000,94.7368,0.5866,-2.2396,N-terminal protein amino acid acetylation,,15,0.5556,0.3968,0.1111,1,0.5477,0.1269,0.4093
GO:0006303,8,39,0.9647,0.9276,87.5000,3.6030,59.5238,100.0000,2.2999,0.5087,double-strand break repair via nonhomologous end joining,,15,0.6250,0.3777,0.2500,2,0.0779,0.8545,0.3397
GO:0014850,5,11,0.9636,0.9267,60.0000,1.3977,25.0000,100.0000,0.3476,-1.2638,response to muscle activity,,3,0.5000,0.3125,0.0000,0,,,0.4636
GO:0015990,5,27,0.9630,0.9000,80.0000,5.7615,20.0000,100.0000,13.6490,-0.7577,electron transport coupled proton transport,,12,0.8000,0.6625,0.6000,3,0.6669,0.2189,0.1630
GO:1905606,32,15,0.9625,0.9860,93.7500,3.7612,71.4286,100.0000,2.5334,0.4647,regulation of presynapse assembly,,12,0.5625,0.7207,0.1250,4,-0.1320,0.4713,0.4000
GO:0007259,55,16,0.9614,0.9901,94.5455,4.1886,57.1429,100.0000,3.2209,0.1904,cell surface receptor signaling pathway via JAK-STAT,,12,0.8727,0.9426,0.7455,41,0.4719,0.0003,0.0887
GO:0006265,14,20,0.9607,0.9118,21.4286,3.2603,9.0909,95.0000,-0.9995,-2.6129,DNA topological change,,13,0.5714,0.4958,0.1429,2,0.6022,0.0227,0.3893
GO:0000281,7,67,0.9595,0.6651,100.0000,2.3369,48.4848,94.0299,1.5948,0.2756,mitotic cytokinesis,,9,0.7079,0.4469,0.4286,3,0.7881,0.0353,0.2516
GO:0051123,46,23,0.9594,0.9808,82.6087,4.0220,29.1667,100.0000,4.9930,-0.0623,RNA polymerase II preinitiation complex assembly,,27,0.6522,0.7681,0.3043,14,0.1958,0.1922,0.3072
GO:0016233,8,12,0.9583,0.9318,100.0000,4.3331,66.6667,95.8333,3.7509,0.4218,telomere capping,,14,0.5625,0.4750,0.1250,1,-0.0825,0.8461,0.3958
GO:0030150,10,37,0.9568,0.8586,40.0000,2.7242,0.0000,97.2973,-8.3509,-4.9350,protein import into mitochondrial matrix,,25,0.5000,0.2128,0.0000,0,,,0.4568
GO:0006098,7,13,0.9560,0.9481,85.7143,5.3147,28.5714,100.0000,15.7093,-0.3027,pentose-phosphate shunt,,20,0.6429,0.5357,0.2857,2,0.6682,0.1009,0.3131
GO:0007416,16,48,0.9557,0.8147,93.7500,2.3709,27.2727,97.9167,1.7755,0.3126,synapse assembly,,15,0.7969,0.6256,0.6250,10,0.0121,0.9645,0.1588
GO:0000160,10,27,0.9556,0.9225,100.0000,2.1568,40.0000,100.0000,1.7467,0.1748,phosphorelay signal transduction system,,11,0.8500,0.7811,0.7000,7,-0.2884,0.4191,0.1056
GO:0031145,29,37,0.9553,0.8946,96.5517,3.4095,57.8947,97.2973,2.0654,0.3655,anaphase-promoting complex-dependent catabolic process,,14,0.5517,0.4974,0.1034,3,-0.1281,0.5078,0.4036
GO:0009698,7,35,0.9551,0.7129,85.7143,2.8532,84.2105,97.1429,3.2265,0.7420,phenylpropanoid metabolic process,,4,0.8571,0.7619,0.7143,5,-0.0901,0.8477,0.0980
GO:0006623,5,62,0.9548,0.5911,100.0000,2.6467,28.5714,95.1613,1.8639,-0.0346,protein targeting to vacuole,,19,0.8000,0.6299,0.6000,3,-0.6669,0.2189,0.1548
GO:1901379,8,49,0.9541,0.6405,100.0000,2.8758,26.0870,95.9184,2.3297,0.0049,regulation of potassium ion transmembrane transport,,12,0.5000,0.1404,0.0000,0,,,0.4541
GO:0050873,5,13,0.9538,0.9029,60.0000,3.3119,42.8571,100.0000,11.4113,-0.2200,brown fat cell differentiation,,6,0.5000,0.2778,0.0000,0,,,0.4538
GO:0008608,13,38,0.9534,0.8185,92.3077,3.6655,73.6842,97.3684,2.2358,0.6144,attachment of spindle microtubules to kinetochore,,10,0.6538,0.4842,0.3077,4,0.2886,0.3390,0.2996
GO:0007200,50,47,0.9528,0.9612,88.0000,3.5594,16.0000,97.8723,3.3071,-0.2795,phospholipase C-activating G protein-coupled receptor signaling pathway,,11,0.6800,0.6899,0.3600,18,0.3378,0.0164,0.2728
GO:0009101,21,39,0.9524,0.8985,47.6190,2.6429,0.0000,97.4359,-0.3230,-2.2410,glycoprotein biosynthetic process,,11,0.9548,0.8947,0.9524,20,0.2649,0.2458,-0.0024
GO:0030330,6,24,0.9514,0.7861,100.0000,3.2160,50.0000,95.8333,1.8870,0.4604,"DNA damage response, signal transduction by p53 class mediator",,16,0.5833,0.3333,0.1667,1,0.3928,0.4411,0.3681
GO:0032869,5,65,0.9508,0.7698,100.0000,2.5918,75.7576,100.0000,1.0810,0.5714,cellular response to insulin stimulus,,17,0.8954,0.7743,0.8000,4,0.6000,0.2848,0.0554
GO:0035567,11,31,0.9472,0.9025,100.0000,3.3626,64.7059,100.0000,1.7980,0.5452,non-canonical Wnt signaling pathway,,12,0.8636,0.7987,0.7273,8,0.4598,0.1548,0.0836
GO:0032731,13,24,0.9455,0.9391,84.6154,3.3661,30.7692,100.0000,3.2484,0.0876,positive regulation of interleukin-1 beta production,,23,0.8077,0.7505,0.6154,8,0.7291,0.0047,0.1378
GO:0006270,28,45,0.9452,0.9462,85.7143,4.0575,56.5217,100.0000,4.5902,0.3398,DNA replication initiation,,10,0.6071,0.5157,0.2143,6,-0.1006,0.6103,0.3381
GO:0042832,7,13,0.9451,0.8770,42.8571,1.4904,0.0000,92.3077,-0.2055,-1.4815,defense response to protozoan,,11,0.5000,0.3500,0.0000,0,,,0.4451
GO:0035329,13,14,0.9451,0.9666,92.3077,4.4136,57.1429,100.0000,2.7605,0.3282,hippo signaling,,11,0.5769,0.5613,0.1538,2,0.2621,0.3871,0.3682
GO:0006611,7,59,0.9443,0.7731,57.1429,3.0215,41.3793,100.0000,5.4043,-0.0727,protein export from nucleus,,17,0.5000,0.1061,0.0000,0,,,0.4443
GO:0030041,7,30,0.9429,0.7626,85.7143,3.1227,20.0000,96.6667,1.9513,-0.3774,actin filament polymerization,,16,0.7143,0.5367,0.4286,3,0.5911,0.1622,0.2286
GO:0019985,10,34,0.9412,0.9146,90.0000,3.4596,50.0000,100.0000,4.0480,0.1416,translesion synthesis,,21,0.5000,0.2273,0.0000,0,,,0.4412
GO:0008203,15,63,0.9407,0.8032,93.3333,2.1959,10.0000,95.2381,1.7453,-0.7820,cholesterol metabolic process,,10,0.5333,0.2462,0.0667,1,0.4330,0.1069,0.4074
GO:0070935,5,10,0.9400,0.8767,40.0000,1.0191,0.0000,90.0000,-32.1309,-8.4085,3'-UTR-mediated mRNA stabilization,,38,0.5000,0.3333,0.0000,0,,,0.4400
GO:1901224,11,34,0.9385,0.8467,90.9091,2.4413,10.5263,97.0588,1.1578,0.0270,positive regulation of non-canonical NF-kappaB signal transduction,,17,0.5455,0.3131,0.0909,1,0.5000,0.1173,0.3930
GO:0001508,6,43,0.9380,0.7742,66.6667,3.0165,50.0000,98.8372,3.1377,0.0970,action potential,,4,0.7229,0.4112,0.5000,3,0.7590,0.0801,0.2151
GO:0006890,10,61,0.9377,0.9006,90.0000,3.2730,61.2903,100.0000,3.9568,0.1777,"retrograde vesicle-mediated transport, Golgi to endoplasmic reticulum",,7,0.5000,0.1408,0.0000,0,,,0.4377
GO:0007179,17,47,0.9374,0.9340,94.1176,2.8979,69.5652,100.0000,2.5371,0.3865,transforming growth factor beta receptor signaling pathway,,20,0.8235,0.7408,0.6471,11,0.5089,0.0370,0.1139
GO:0019915,6,21,0.9365,0.9048,83.3333,3.7355,66.6667,100.0000,3.3188,0.5576,lipid storage,,3,0.5000,0.2222,0.0000,0,,,0.4365
GO:0030512,5,37,0.9351,0.6810,80.0000,2.2118,5.8824,97.2973,1.1384,-0.4290,negative regulation of transforming growth factor beta receptor signaling pathway,,19,0.5000,0.1190,0.0000,0,,,0.4351
GO:0042273,18,46,0.9348,0.9334,88.8889,4.1025,44.0000,100.0000,5.1465,-0.3234,ribosomal large subunit biogenesis,,6,0.8056,0.7205,0.6111,11,0.7176,0.0008,0.1292
GO:0032785,6,10,0.9333,0.9028,50.0000,1.3712,10.0000,95.0000,-1.0944,-2.0274,"negative regulation of DNA-templated transcription, elongation",,25,0.5000,0.3750,0.0000,0,,,0.4333
GO:0030521,5,12,0.9333,0.9111,80.0000,3.4607,66.6667,100.0000,3.6355,0.7759,androgen receptor signaling pathway,,26,0.5000,0.2941,0.0000,0,,,0.4333
GO:0003341,5,39,0.9333,0.7810,80.0000,3.0336,42.8571,100.0000,2.3457,0.1711,cilium movement,,4,0.9000,0.8227,0.8000,4,0.9000,0.0374,0.0333
GO:0046835,5,18,0.9333,0.8600,80.0000,4.3846,33.3333,100.0000,10.6553,0.1253,carbohydrate phosphorylation,,7,0.5000,0.2174,0.0000,0,,,0.4333
GO:0034214,8,11,0.9318,0.9160,62.5000,3.6180,75.0000,100.0000,5.6221,1.0218,protein hexamerization,,9,0.5000,0.4211,0.0000,0,,,0.4318
GO:0006368,44,51,0.9314,0.8707,95.4545,3.1553,50.0000,94.1176,1.9569,0.2715,transcription elongation by RNA polymerase II,,17,0.5795,0.5486,0.1591,7,0.1233,0.4253,0.3519
GO:0060261,44,29,0.9310,0.9514,88.6364,3.0891,26.6667,96.5517,1.9549,-0.0563,positive regulation of transcription initiation by RNA polymerase II,,28,0.5568,0.6479,0.1136,5,0.1051,0.4971,0.3742
GO:0007249,24,23,0.9293,0.9565,87.5000,3.2518,19.2308,100.0000,3.3530,-0.1614,canonical NF-kappaB signal transduction,,12,0.8333,0.8369,0.6667,16,0.2179,0.3063,0.0960
GO:0009642,7,32,0.9286,0.6263,100.0000,2.5427,64.7059,93.7500,1.6056,0.7037,response to light intensity,,5,0.5000,0.1795,0.0000,0,,,0.4286
GO:0009812,6,21,0.9286,0.9000,83.3333,3.9086,81.8182,100.0000,4.8948,0.7936,flavonoid metabolic process,,3,0.5000,0.2222,0.0000,0,,,0.4286
GO:0071880,7,24,0.9286,0.9098,85.7143,4.4335,30.7692,100.0000,5.6496,0.0307,adenylate cyclase-activating adrenergic receptor signaling pathway,,14,0.5000,0.2258,0.0000,0,,,0.4286
GO:2000463,5,16,0.9250,0.7962,100.0000,3.0799,16.6667,87.5000,2.4519,-0.8546,positive regulation of excitatory postsynaptic potential,,22,0.5000,0.2381,0.0000,0,,,0.4250
GO:0017183,7,17,0.9244,0.9196,85.7143,6.6928,44.4444,100.0000,41.5617,-0.1434,protein histidyl modification to diphthamide,,10,0.5000,0.2917,0.0000,0,,,0.4244
GO:0007156,5,47,0.9234,0.8435,80.0000,3.7799,31.8182,100.0000,4.0660,-0.0188,homophilic cell-cell adhesion,,4,0.6000,0.2769,0.2000,1,0.0000,1.0000,0.3234
GO:0006696,17,23,0.9233,0.9463,88.2353,4.2546,54.5455,100.0000,10.8729,0.1200,ergosterol biosynthetic process,,19,0.8235,0.7971,0.6471,11,0.3407,0.1808,0.0998
GO:0019731,12,38,0.9232,0.8417,75.0000,3.0641,16.6667,97.3684,2.1037,-0.7639,antibacterial humoral response,,17,0.6667,0.4933,0.3333,4,0.5640,0.0561,0.2565
GO:0033627,6,15,0.9222,0.8708,66.6667,3.4831,22.2222,100.0000,4.1127,-1.1027,cell adhesion mediated by integrin,,3,0.5833,0.4048,0.1667,1,0.6547,0.1583,0.3389
GO:1902895,12,16,0.9219,0.9304,75.0000,3.5527,22.2222,100.0000,2.2820,-0.3221,positive regulation of miRNA transcription,,26,0.5417,0.4762,0.0833,1,0.1310,0.6848,0.3802
GO:0006506,11,43,0.9218,0.9299,90.9091,5.0456,52.3810,100.0000,17.3046,-0.1256,GPI anchor biosynthetic process,,28,0.8636,0.7828,0.7273,8,0.0642,0.8512,0.0582
GO:0006283,5,23,0.9217,0.7533,100.0000,3.5580,58.3333,91.3043,1.1132,0.3657,transcription-coupled nucleotide-excision repair,,15,0.5000,0.1786,0.0000,0,,,0.4217
GO:0007224,22,38,0.9211,0.9326,86.3636,2.6851,82.5000,100.0000,1.9626,0.4987,smoothened signaling pathway,,11,0.5909,0.4818,0.1818,4,0.5996,0.0032,0.3302
GO:0070098,18,38,0.9211,0.9340,88.8889,4.1183,15.9091,100.0000,5.9523,-1.0739,chemokine-mediated signaling pathway,,19,0.6667,0.5476,0.3333,6,0.2987,0.2286,0.2544
GO:0046718,23,12,0.9203,0.9593,82.6087,2.1154,33.3333,100.0000,1.4363,-0.6869,symbiont entry into host cell,,7,0.5000,0.6571,0.0000,0,,,0.4203
GO:0060337,17,14,0.9202,0.9580,88.2353,4.5493,87.5000,100.0000,7.6634,1.1788,type I interferon-mediated signaling pathway,,31,0.6765,0.7078,0.3529,6,0.7600,0.0004,0.2437
GO:0034314,16,20,0.9156,0.8329,62.5000,4.2368,4.5455,90.0000,3.5287,-1.2907,Arp2/3 complex-mediated actin nucleation,,11,0.5312,0.4792,0.0625,1,0.4201,0.1052,0.3843
GO:0099175,54,58,0.9116,0.9092,75.9259,2.3227,44.8276,98.2759,2.6025,0.1437,regulation of postsynapse organization,,8,0.5000,0.4821,0.0000,0,,,0.4116
GO:0031507,26,13,0.9112,0.9621,80.7692,2.5272,50.0000,100.0000,1.8237,-0.3013,heterochromatin formation,,26,0.6923,0.7949,0.3846,10,0.2950,0.1434,0.2189
GO:0030007,6,15,0.9111,0.9048,83.3333,3.2631,31.2500,100.0000,4.0856,-0.1743,intracellular potassium ion homeostasis,,11,0.5833,0.4048,0.1667,1,0.1309,0.8047,0.3278
GO:0045010,6,28,0.9107,0.7111,66.6667,3.6473,40.0000,92.8571,2.4326,0.1260,actin nucleation,,10,0.5000,0.1765,0.0000,0,,,0.4107
GO:0097696,25,15,0.9093,0.9631,84.0000,5.2145,50.0000,100.0000,26.9522,0.5323,cell surface receptor signaling pathway via STAT,,11,0.8400,0.8800,0.6800,17,0.7534,0.0000,0.0693
GO:0042908,11,18,0.9091,0.8209,90.9091,2.6202,36.3636,94.4444,2.1685,0.1848,xenobiotic transport,,4,0.7727,0.7179,0.5455,6,0.1812,0.5940,0.1364
GO:0032728,8,15,0.9083,0.9276,62.5000,3.6448,6.2500,100.0000,10.0953,-1.4419,positive regulation of interferon-beta production,,23,0.5625,0.4293,0.1250,1,0.4124,0.3100,0.3458
GO:0000082,18,52,0.9081,0.9131,88.8889,2.4516,46.2963,100.0000,2.0906,0.2472,G1/S transition of mitotic cell cycle,,9,0.6389,0.4635,0.2778,5,0.3542,0.1492,0.2692
GO:0006515,10,53,0.9075,0.7068,40.0000,1.6603,0.0000,93.3962,-7.9689,-4.4500,protein quality control for misfolded or incompletely synthesized proteins,,9,0.5000,0.1587,0.0000,0,,,0.4075
GO:0001649,12,45,0.9074,0.7467,91.6667,2.6124,58.3333,95.5556,1.4859,0.5415,osteoblast differentiation,,7,0.6148,0.3871,0.2500,3,0.1193,0.7118,0.2926
GO:0007004,10,23,0.9043,0.8725,90.0000,4.0310,29.1667,95.6522,4.0280,-0.7225,telomere maintenance via telomerase,,21,0.5000,0.3030,0.0000,0,,,0.4043
GO:0061157,5,23,0.9043,0.6454,80.0000,2.5560,9.0909,91.3043,0.8164,-1.0078,mRNA destabilization,,35,0.7000,0.5071,0.4000,2,0.7826,0.1176,0.2043
GO:0051209,5,35,0.9029,0.5598,60.0000,1.7435,15.7895,91.4286,0.2812,-0.5354,release of sequestered calcium ion into cytosol,,15,0.5000,0.1250,0.0000,0,,,0.4029
GO:0006882,11,28,0.9026,0.8487,36.3636,3.2291,0.0000,100.0000,-0.2484,-2.9970,intracellular zinc ion homeostasis,,10,0.7273,0.6084,0.4545,5,0.4957,0.1210,0.1753
GO:0006308,25,27,0.9022,0.9268,76.0000,3.6345,71.4286,100.0000,6.3383,0.7663,DNA catabolic process,,12,0.5200,0.5015,0.0400,1,0.1132,0.5900,0.3822
GO:0060070,35,47,0.9015,0.9038,71.4286,3.4954,54.1667,100.0000,4.1409,0.3426,canonical Wnt signaling pathway,,12,0.8286,0.8035,0.6571,23,0.4722,0.0042,0.0729
GO:0030073,7,26,0.9011,0.8649,85.7143,2.9153,41.6667,100.0000,2.0640,0.3477,insulin secretion,,29,0.5000,0.2121,0.0000,0,,,0.4011
GO:0008206,13,17,0.9005,0.9138,84.6154,3.2907,12.5000,100.0000,4.8311,-0.0145,bile acid metabolic process,,10,0.5769,0.5205,0.1538,2,0.4630,0.1111,0.3236
GO:0034755,5,20,0.9000,0.8103,60.0000,3.6359,70.0000,100.0000,3.3216,0.5011,iron ion transmembrane transport,,13,0.7000,0.5200,0.4000,2,0.7826,0.1176,0.2000
GO:0036158,5,12,0.9000,0.8909,80.0000,4.4331,33.3333,100.0000,2.8812,-0.4340,outer dynein arm assembly,,22,0.5000,0.2941,0.0000,0,,,0.4000
GO:0030514,8,26,0.8990,0.8843,75.0000,3.6674,63.3333,100.0000,5.7236,0.3177,negative regulation of BMP signaling pathway,,19,0.7500,0.6176,0.5000,4,0.6849,0.0609,0.1490
GO:0070979,21,24,0.8988,0.9312,76.1905,4.0708,66.6667,100.0000,4.1808,-0.0665,protein K11-linked ubiquitination,,13,0.5238,0.4921,0.0476,1,0.0000,1.0000,0.3750
GO:0031397,14,52,0.8970,0.6712,71.4286,2.2035,13.4615,97.1154,1.8627,-0.3760,negative regulation of protein ubiquitination,,20,0.5357,0.2684,0.0714,1,0.3096,0.2814,0.3613
GO:0032435,7,22,0.8961,0.7990,85.7143,1.7770,27.2727,95.4545,0.8960,-0.6862,negative regulation of proteasomal ubiquitin-dependent protein catabolic process,,22,0.5000,0.2414,0.0000,0,,,0.3961
GO:0071569,7,15,0.8952,0.9127,71.4286,7.1321,57.1429,100.0000,17.8977,0.1238,protein ufmylation,,11,0.5000,0.3182,0.0000,0,,,0.3952
GO:2000300,39,47,0.8942,0.8920,82.0513,2.6445,54.1667,95.7447,3.3674,-0.1617,regulation of synaptic vesicle exocytosis,,17,0.5019,0.4547,0.0256,1,0.2594,0.1107,0.3923
GO:0007218,17,65,0.8932,0.8752,82.3529,3.8972,60.6061,100.0000,5.4930,-0.3006,neuropeptide signaling pathway,,11,0.8824,0.8135,0.7647,13,-0.0456,0.8620,0.0108
GO:0015813,15,13,0.8923,0.9332,80.0000,4.5263,66.6667,100.0000,7.3719,0.8765,L-glutamate transmembrane transport,,17,0.5333,0.5667,0.0667,1,0.3093,0.2620,0.3590
GO:0007229,7,38,0.8910,0.7495,57.1429,3.0126,26.3158,100.0000,3.4642,-0.3720,integrin-mediated signaling pathway,,11,0.5714,0.2762,0.1429,1,0.4082,0.3632,0.3196
GO:0000077,10,66,0.8879,0.6644,70.0000,2.3161,12.9032,93.1818,1.7989,-0.2825,DNA damage checkpoint signaling,,25,0.7417,0.5041,0.5000,5,0.8857,0.0006,0.1462
GO:0007173,27,30,0.8877,0.9002,66.6667,3.0626,14.2857,100.0000,2.7210,-0.9146,epidermal growth factor receptor signaling pathway,,14,0.5556,0.5322,0.1111,3,0.2394,0.2292,0.3321
GO:1904894,5,64,0.8875,0.7406,60.0000,3.3202,50.0000,100.0000,3.9441,0.1170,positive regulation of receptor signaling pathway via STAT,,15,0.7000,0.4435,0.4000,2,0.7826,0.1176,0.1875
GO:0008286,26,47,0.8838,0.8407,84.6154,2.8227,63.0435,96.8085,1.4042,0.3636,insulin receptor signaling pathway,,27,0.6346,0.5295,0.2692,7,0.2630,0.1942,0.2492
GO:0006956,8,52,0.8822,0.8925,87.5000,5.3753,42.3077,100.0000,17.2413,-0.7022,complement activation,,16,0.5000,0.1333,0.0000,0,,,0.3822
GO:0031440,6,21,0.8810,0.7285,66.6667,2.2783,9.0909,92.8571,0.9198,-1.2277,regulation of mRNA 3'-end processing,,11,0.5000,0.2222,0.0000,0,,,0.3810
GO:0006538,5,15,0.8800,0.8052,40.0000,2.2867,0.0000,100.0000,-1.3723,-2.9009,L-glutamate catabolic process,,19,0.5000,0.2500,0.0000,0,,,0.3800
GO:0048009,18,10,0.8778,0.9352,50.0000,3.1971,0.0000,95.0000,-0.6243,-2.6570,insulin-like growth factor receptor signaling pathway,,13,0.5278,0.6627,0.0556,1,0.3506,0.1537,0.3500
GO:0045040,11,13,0.8741,0.9010,54.5455,5.6270,14.2857,100.0000,7.8320,-0.9968,protein insertion into mitochondrial outer membrane,,23,0.6364,0.6061,0.2727,3,0.6706,0.0239,0.2377
GO:0050852,18,55,0.8727,0.7552,83.3333,3.0475,75.8621,98.1818,2.9463,0.5156,T cell receptor signaling pathway,,25,0.5833,0.3721,0.1667,3,-0.2780,0.2640,0.2894
GO:0009061,13,18,0.8718,0.9161,61.5385,3.3688,10.0000,100.0000,4.6642,-1.6917,anaerobic respiration,,6,0.7692,0.7320,0.5385,7,0.1849,0.5453,0.1026
GO:0030261,8,45,0.8694,0.6306,75.0000,3.1927,36.9565,97.7778,3.2198,-0.0880,chromosome condensation,,6,0.5000,0.1509,0.0000,0,,,0.3694
GO:0006855,7,60,0.8690,0.5913,71.4286,2.0678,16.6667,95.0000,1.8212,-0.5981,xenobiotic transmembrane transport,,7,0.5000,0.1045,0.0000,0,,,0.3690
GO:0060395,14,43,0.8688,0.8228,57.1429,3.5912,33.3333,100.0000,5.3595,-0.3427,SMAD protein signal transduction,,15,0.6071,0.4073,0.2143,3,0.4190,0.1359,0.2617
GO:0002143,6,24,0.8611,0.8718,83.3333,5.6330,12.5000,100.0000,43.8858,-0.3850,tRNA wobble position uridine thiolation,,23,0.5000,0.2000,0.0000,0,,,0.3611
GO:0006884,8,24,0.8594,0.8431,75.0000,2.0978,23.0769,100.0000,0.7912,-0.5654,cell volume homeostasis,,11,0.5000,0.2500,0.0000,0,,,0.3594
GO:0070534,33,37,0.8591,0.8838,60.6061,3.5364,21.0526,100.0000,4.1875,-0.4739,protein K63-linked ubiquitination,,13,0.5758,0.5515,0.1515,5,0.5198,0.0019,0.2833
GO:1903432,14,36,0.8591,0.7099,71.4286,3.0822,52.9412,97.2222,1.9116,0.2379,regulation of TORC1 signaling,,10,0.6429,0.4857,0.2857,4,0.5506,0.0413,0.2162
GO:0006353,6,41,0.8577,0.5929,66.6667,2.1364,11.3636,89.0244,0.5395,-0.7317,DNA-templated transcription termination,,15,0.5000,0.1277,0.0000,0,,,0.3577
GO:0042789,30,13,0.8564,0.9345,46.6667,1.4211,33.3333,92.3077,-0.0594,-1.0996,mRNA transcription by RNA polymerase II,,18,0.5000,0.6977,0.0000,0,,,0.3564
GO:0048488,52,32,0.8564,0.8284,63.4615,3.2887,6.2500,90.6250,2.3027,-1.1204,synaptic vesicle endocytosis,,14,0.6154,0.7070,0.2308,12,0.1438,0.3093,0.2410
GO:0031640,21,52,0.8562,0.8290,76.1905,2.5852,14.2857,98.0769,2.1626,-0.5906,killing of cells of another organism,,6,0.5476,0.3555,0.0952,2,0.3822,0.0873,0.3086
GO:0010972,6,51,0.8529,0.4792,83.3333,2.6008,38.8889,96.0784,2.3375,0.2467,negative regulation of G2/M transition of mitotic cell cycle,,19,0.5833,0.2544,0.1667,1,0.3928,0.4411,0.2696
GO:0045332,11,27,0.8519,0.8777,81.8182,4.4622,64.2857,100.0000,6.5077,0.3120,phospholipid translocation,,17,0.7273,0.6124,0.4545,5,0.8201,0.0020,0.1246
GO:0046854,13,30,0.8513,0.8681,53.8462,4.1340,0.0000,100.0000,1.8740,-2.1057,phosphatidylinositol phosphate biosynthetic process,,16,0.8077,0.7317,0.6154,8,0.6443,0.0175,0.0436
GO:1900182,4,52,0.8510,0.2347,100.0000,1.5605,21.1538,83.6538,0.6936,-0.5442,positive regulation of protein localization to nucleus,,8,0.5000,0.0714,0.0000,0,,,0.3510
GO:0006284,10,39,0.8462,0.8023,70.0000,3.4895,5.0000,98.7179,2.4788,-1.1289,base-excision repair,,14,0.6000,0.3633,0.2000,2,0.2335,0.5161,0.2462
GO:0032760,5,49,0.8449,0.3193,20.0000,1.1720,3.8462,79.5918,-2.3708,-2.4736,positive regulation of tumor necrosis factor production,,23,0.5000,0.0926,0.0000,0,,,0.3449
GO:0099072,46,32,0.8424,0.8897,47.8261,2.1123,6.2500,90.6250,-0.5247,-2.0627,regulation of postsynaptic membrane neurotransmitter receptor levels,,3,0.5000,0.5897,0.0000,0,,,0.3424
GO:0051899,6,23,0.8406,0.7718,50.0000,2.5281,0.0000,95.6522,-11.0315,-4.7720,membrane depolarization,,4,0.5000,0.2069,0.0000,0,,,0.3406
GO:0006108,5,19,0.8316,0.7626,40.0000,1.8080,10.0000,94.7368,-2.1155,-2.0806,malate metabolic process,,7,0.5000,0.2083,0.0000,0,,,0.3316
GO:0034063,9,15,0.8296,0.8582,44.4444,3.8063,0.0000,100.0000,-6.4281,-2.4436,stress granule assembly,,9,0.5556,0.4444,0.1111,1,0.4108,0.2721,0.2740
GO:0051402,5,29,0.8276,0.6918,0.0000,1.5748,0.0000,93.1034,-52.9999,-10.5546,neuron apoptotic process,,5,0.6000,0.3176,0.2000,1,0.3536,0.5594,0.2276
GO:0051315,5,22,0.8273,0.4389,40.0000,2.3651,9.0909,86.3636,-0.5383,-1.6693,attachment of mitotic spindle microtubules to kinetochore,,23,0.5727,0.2481,0.2000,1,0.7071,0.1817,0.2546
GO:0045747,6,25,0.8267,0.7657,66.6667,3.0194,46.1538,100.0000,1.9955,0.5970,positive regulation of Notch signaling pathway,,15,0.5000,0.1935,0.0000,0,,,0.3267
GO:0042274,59,24,0.8256,0.9267,55.9322,2.8626,25.0000,100.0000,0.6832,-0.6696,ribosomal small subunit biogenesis,,6,0.7203,0.8383,0.4407,26,0.1988,0.1312,0.1053
GO:0030968,11,62,0.8255,0.7258,81.8182,2.3750,45.4545,100.0000,1.6744,0.2540,endoplasmic reticulum unfolded protein response,,18,0.6364,0.3823,0.2727,3,0.6128,0.0450,0.1891
GO:0006688,6,18,0.8241,0.7204,33.3333,1.5630,5.5556,86.1111,-2.4537,-2.5516,glycosphingolipid biosynthetic process,,15,0.5000,0.2500,0.0000,0,,,0.3241
GO:0050853,8,43,0.8227,0.7274,62.5000,3.8453,23.9130,100.0000,3.6754,-1.0833,B cell receptor signaling pathway,,25,0.5625,0.2623,0.1250,1,-0.0825,0.8461,0.2602
GO:0033209,9,36,0.8210,0.7724,66.6667,3.3439,63.1579,100.0000,3.6928,0.0815,tumor necrosis factor-mediated signaling pathway,,18,0.6667,0.4667,0.3333,3,0.6139,0.0786,0.1543
GO:0006998,5,30,0.8200,0.8313,80.0000,3.2943,33.3333,100.0000,1.2906,0.1423,nuclear envelope organization,,8,0.5000,0.1429,0.0000,0,,,0.3200
GO:0032211,5,11,0.8182,0.8667,80.0000,4.2757,60.0000,100.0000,9.8944,0.4058,negative regulation of telomere maintenance via telomerase,,32,0.5000,0.3125,0.0000,0,,,0.3182
GO:0032968,45,40,0.8167,0.8686,60.0000,2.5451,16.6667,95.0000,1.0589,-1.2316,positive regulation of transcription elongation by RNA polymerase II,,28,0.5444,0.5712,0.0889,4,0.3773,0.0106,0.2723
GO:0032720,5,27,0.8074,0.7026,60.0000,2.7160,20.0000,100.0000,3.0976,-0.4487,negative regulation of tumor necrosis factor production,,23,0.5000,0.1562,0.0000,0,,,0.3074
GO:0045746,5,28,0.8071,0.6321,60.0000,1.8662,21.4286,92.8571,0.6886,-0.8059,negative regulation of Notch signaling pathway,,15,0.5000,0.1515,0.0000,0,,,0.3071
GO:0071168,18,19,0.8070,0.7566,50.0000,2.1254,11.1111,94.7368,-0.0153,-1.6668,protein localization to chromatin,,6,0.5000,0.4865,0.0000,0,,,0.3070
GO:0031663,7,17,0.8067,0.8274,71.4286,3.8983,55.5556,100.0000,10.3655,0.4056,lipopolysaccharide-mediated signaling pathway,,28,0.6429,0.4940,0.2857,2,0.5791,0.1731,0.1638
GO:0070936,46,35,0.8031,0.8733,23.9130,1.9197,0.0000,91.4286,-8.7855,-4.6241,protein K48-linked ubiquitination,,13,0.5652,0.6243,0.1304,6,0.3513,0.0167,0.2379
GO:0090110,5,12,0.8000,0.7709,60.0000,5.0093,50.0000,100.0000,7.9823,-0.3083,COPII-coated vesicle cargo loading,,20,0.5000,0.2941,0.0000,0,,,0.3000
GO:0071333,5,35,0.8000,0.5667,80.0000,1.6478,10.5263,80.0000,0.4731,-0.4874,cellular response to glucose stimulus,,22,0.5000,0.1250,0.0000,0,,,0.3000
GO:0051580,5,13,0.8000,0.8556,100.0000,3.6758,42.8571,100.0000,20.9734,0.4431,regulation of neurotransmitter uptake,,6,0.5000,0.2778,0.0000,0,,,0.3000
GO:0009738,10,19,0.8000,0.8666,80.0000,3.6837,60.0000,100.0000,3.8375,0.7507,abscisic acid-activated signaling pathway,,25,0.9000,0.8690,0.8000,8,0.0973,0.7892,-0.1000
GO:0036376,5,12,0.8000,0.8588,80.0000,5.8161,42.8571,100.0000,27.7059,-0.1632,sodium ion export across plasma membrane,,15,0.7000,0.5765,0.4000,2,0.6708,0.2152,0.1000
GO:0045948,9,21,0.7989,0.7554,44.4444,2.2865,0.0000,95.2381,-4.1328,-3.6422,positive regulation of translational initiation,,23,0.5000,0.3000,0.0000,0,,,0.2989
GO:0032481,23,28,0.7966,0.8306,52.1739,2.9164,25.0000,100.0000,3.2972,-0.2689,positive regulation of type I interferon production,,21,0.5217,0.4749,0.0435,1,0.0643,0.7707,0.2749
GO:0031054,4,11,0.7955,0.8269,75.0000,8.7358,66.6667,100.0000,13.9785,0.4902,pre-miRNA processing,,33,0.8750,0.8167,0.7500,3,0.2000,0.8000,-0.0795
GO:0045835,7,18,0.7937,0.6990,42.8571,1.3438,22.2222,77.7778,-0.1934,-1.0393,negative regulation of meiotic nuclear division,,21,0.5000,0.2800,0.0000,0,,,0.2937
GO:0010507,6,54,0.7932,0.3379,83.3333,1.7535,23.0769,83.3333,0.9479,-0.6133,negative regulation of autophagy,,11,0.5833,0.2500,0.1667,1,0.6547,0.1583,0.2099
GO:0032790,17,21,0.7927,0.8130,47.0588,2.0123,0.0000,95.2381,-14.1484,-5.6397,ribosome disassembly,,7,0.5000,0.4474,0.0000,0,,,0.2927
GO:0042554,7,11,0.7922,0.8422,71.4286,4.5445,60.0000,100.0000,10.0479,-0.2835,superoxide anion generation,,5,0.5000,0.3889,0.0000,0,,,0.2922
GO:0046427,10,59,0.7898,0.5750,40.0000,1.5224,6.4516,83.0508,-0.9657,-2.0048,positive regulation of receptor signaling pathway via JAK-STAT,,17,0.5500,0.2304,0.1000,1,0.5222,0.1215,0.2398
GO:0008543,9,35,0.7873,0.7443,66.6667,2.4472,10.5263,97.1429,1.2211,-0.9647,fibroblast growth factor receptor signaling pathway,,19,0.7222,0.5581,0.4444,4,0.6390,0.0639,0.0651
GO:0070863,5,15,0.7867,0.6803,20.0000,0.0576,0.0000,86.6667,-154.3662,-17.6535,positive regulation of protein exit from endoplasmic reticulum,,21,0.5000,0.2500,0.0000,0,,,0.2867
GO:0019433,7,11,0.7792,0.8390,71.4286,5.9695,83.3333,100.0000,8.1520,0.3570,triglyceride catabolic process,,14,0.7857,0.7381,0.5714,4,0.9266,0.0027,-0.0065
GO:0051898,9,18,0.7778,0.7716,66.6667,1.8340,18.1818,94.4444,0.9327,-0.9116,negative regulation of phosphatidylinositol 3-kinase/protein kinase B signal transduction,,17,0.5556,0.4074,0.1111,1,0.5477,0.1269,0.2222
GO:0099173,18,23,0.7754,0.7485,55.5556,2.8109,20.8333,95.6522,0.4726,-1.0300,postsynapse organization,,6,0.5556,0.5014,0.1111,2,0.5064,0.0320,0.2198
GO:0019430,8,26,0.7692,0.7802,62.5000,4.8739,46.1538,100.0000,12.7737,0.3231,removal of superoxide radicals,,27,0.5625,0.3309,0.1250,1,-0.2474,0.5546,0.2067
GO:0090307,5,31,0.7677,0.5704,40.0000,1.8775,0.0000,80.6452,-2.4766,-2.7418,mitotic spindle assembly,,28,0.6000,0.3111,0.2000,1,0.7071,0.1817,0.1677
GO:0046785,6,10,0.7667,0.6849,50.0000,2.0991,20.0000,80.0000,-0.3873,-1.3106,microtubule polymerization,,15,0.5333,0.3889,0.3333,2,0.6761,0.1404,0.2334
GO:0070207,12,16,0.7656,0.8090,58.3333,2.0839,12.5000,100.0000,1.4036,-0.6982,protein homotrimerization,,11,0.5000,0.4286,0.0000,0,,,0.2656
GO:0038061,14,14,0.7653,0.8582,71.4286,3.7446,57.1429,100.0000,3.4912,0.3679,non-canonical NF-kappaB signal transduction,,12,0.6071,0.6071,0.2143,3,0.5535,0.0400,0.1582
GO:0006089,7,20,0.7643,0.7949,71.4286,5.0909,100.0000,100.0000,30.0394,0.8133,lactate metabolic process,,7,0.5000,0.2593,0.0000,0,,,0.2643
GO:0051017,5,61,0.7639,0.2650,60.0000,2.4076,6.4516,90.1639,1.2452,-1.2506,actin filament bundle assembly,,13,0.6000,0.2606,0.2000,1,0.7071,0.1817,0.1639
GO:0045947,8,19,0.7632,0.6517,37.5000,1.9856,10.0000,78.9474,-0.4707,-1.5588,negative regulation of translational initiation,,23,0.5000,0.2963,0.0000,0,,,0.2632
GO:0032456,8,33,0.7614,0.4476,12.5000,1.7168,0.0000,81.8182,-8.9432,-4.4974,endocytic recycling,,12,0.5000,0.1951,0.0000,0,,,0.2614
GO:0110095,15,12,0.7611,0.7591,0.0000,1.4236,0.0000,91.6667,-58.0340,-10.9184,cellular detoxification of aldehyde,,13,0.5000,0.5556,0.0000,0,,,0.2611
GO:1901797,10,17,0.7588,0.7324,50.0000,1.9856,11.1111,88.2353,-0.6871,-2.2981,negative regulation of signal transduction by p53 class mediator,,17,0.5000,0.3704,0.0000,0,,,0.2588
GO:0097009,11,19,0.7560,0.7154,45.4545,1.1073,40.0000,63.1579,-0.1215,-0.5659,energy homeostasis,,4,0.5000,0.3667,0.0000,0,,,0.2560
GO:0007020,8,23,0.7554,0.7263,50.0000,3.0416,16.6667,97.8261,2.6106,-1.7188,microtubule nucleation,,16,0.5000,0.2581,0.0000,0,,,0.2554
GO:0044010,11,23,0.7549,0.7263,63.6364,1.2691,33.3333,91.3043,0.6557,-0.2470,single-species biofilm formation,,6,0.5909,0.4465,0.1818,2,0.1214,0.7223,0.1640
GO:2000142,7,50,0.7543,0.2461,28.5714,1.2265,7.6923,82.0000,-0.2617,-1.4270,regulation of DNA-templated transcription initiation,,14,0.7143,0.4987,0.4286,3,0.9063,0.0049,0.0400
GO:0036498,6,14,0.7500,0.7861,66.6667,2.9861,42.8571,100.0000,4.3195,0.3559,IRE1-mediated unfolded protein response,,19,0.6667,0.5333,0.3333,2,0.6761,0.1404,0.0833
GO:0071346,9,46,0.7464,0.3878,33.3333,1.8865,8.3333,73.9130,-0.7784,-1.4011,cellular response to type II interferon,,19,0.5000,0.1636,0.0000,0,,,0.2464
GO:0090398,13,19,0.7449,0.7994,53.8462,2.9426,40.0000,100.0000,2.9966,0.2900,cellular senescence,,6,0.5385,0.4519,0.0769,1,0.0772,0.8022,0.2064
GO:0045880,29,26,0.7374,0.8522,62.0690,2.4828,15.3846,100.0000,1.9084,-0.8573,positive regulation of smoothened signaling pathway,,15,0.5172,0.5436,0.0345,1,0.3162,0.0947,0.2202
GO:0034243,17,51,0.7370,0.5961,47.0588,1.5502,7.6923,86.2745,-0.6292,-1.7480,regulation of transcription elongation by RNA polymerase II,,15,0.5000,0.2500,0.0000,0,,,0.2370
GO:0071402,4,17,0.7353,0.7351,0.0000,2.2162,0.0000,97.0588,-53.7919,-10.7086,cellular response to lipoprotein particle stimulus,,4,0.5000,0.1905,0.0000,0,,,0.2353
GO:0034198,8,39,0.7340,0.7019,62.5000,2.7889,38.8889,100.0000,2.3071,0.2101,cellular response to amino acid starvation,,11,0.5625,0.2739,0.1250,1,0.4124,0.3100,0.1715
GO:0006107,12,14,0.7321,0.7121,16.6667,1.0567,0.0000,78.5714,-20.3793,-6.3667,oxaloacetate metabolic process,,7,0.5000,0.4615,0.0000,0,,,0.2321
GO:0006177,6,13,0.7308,0.7810,50.0000,4.9316,25.0000,100.0000,98.4478,-4.6840,GMP biosynthetic process,,36,0.5833,0.4298,0.1667,1,0.3928,0.4411,0.1475
GO:0071474,7,11,0.7273,0.7808,42.8571,1.5738,0.0000,100.0000,-5.4538,-3.8082,cellular hyperosmotic response,,15,0.5000,0.3889,0.0000,0,,,0.2273
GO:0097242,6,11,0.7273,0.7009,33.3333,1.0587,0.0000,77.2727,-77.4601,-12.4096,amyloid-beta clearance,,2,0.5000,0.3529,0.0000,0,,,0.2273
GO:0048255,10,29,0.7207,0.5720,20.0000,1.6465,6.2500,86.2069,-2.1024,-2.3690,mRNA stabilization,,37,0.5000,0.2564,0.0000,0,,,0.2207
GO:0000086,12,52,0.7196,0.5377,50.0000,1.7131,9.6154,79.8077,0.1495,-1.2021,G2/M transition of mitotic cell cycle,,9,0.7436,0.5818,0.5000,6,0.8099,0.0014,-0.0240
GO:0052167,25,14,0.7143,0.7858,16.0000,0.2776,16.6667,78.5714,-1.1714,-1.3012,symbiont-mediated perturbation of host innate immune response,,8,0.5000,0.6410,0.0000,0,,,0.2143
GO:0035774,7,15,0.7143,0.6762,42.8571,1.0079,25.0000,66.6667,-0.5063,-1.0249,positive regulation of insulin secretion involved in cellular response to glucose stimulus,,38,0.5000,0.3182,0.0000,0,,,0.2143
GO:0042632,11,54,0.7121,0.5295,36.3636,1.5462,0.0000,79.6296,-3.7330,-3.0895,cholesterol homeostasis,,5,0.5000,0.1692,0.0000,0,,,0.2121
GO:0045739,17,53,0.7114,0.5359,47.0588,1.5346,7.1429,83.0189,-0.3947,-1.5789,positive regulation of DNA repair,,19,0.5000,0.2429,0.0000,0,,,0.2114
GO:0007040,8,29,0.7112,0.5665,25.0000,1.2493,0.0000,60.3448,-8.1595,-4.3329,lysosome organization,,7,0.5000,0.2162,0.0000,0,,,0.2112
GO:0006559,11,11,0.7107,0.7461,18.1818,1.1822,0.0000,81.8182,-4.9882,-3.2055,L-phenylalanine catabolic process,,18,0.5000,0.5000,0.0000,0,,,0.2107
GO:0000460,10,33,0.7091,0.5323,10.0000,1.4698,0.0000,63.6364,-42.5869,-9.4045,maturation of 5.8S rRNA,,21,0.9000,0.8465,0.8000,8,0.1337,0.7126,-0.1909
GO:0042311,7,14,0.7041,0.7043,14.2857,1.0748,0.0000,78.5714,-166.5461,-18.3522,vasodilation,,12,0.5000,0.3333,0.0000,0,,,0.2041
GO:0034341,9,59,0.7024,0.3818,33.3333,1.7174,10.7143,77.9661,-0.2236,-1.2151,response to type II interferon,,17,0.5000,0.1324,0.0000,0,,,0.2024
GO:0000387,5,41,0.6976,0.4107,20.0000,1.8162,5.0000,90.2439,-2.5042,-2.6675,spliceosomal snRNP assembly,,30,0.5000,0.1087,0.0000,0,,,0.1976
GO:0046627,13,23,0.6957,0.6967,46.1538,1.9905,9.0909,86.9565,-0.0756,-1.4035,negative regulation of insulin receptor signaling pathway,,17,0.5000,0.3611,0.0000,0,,,0.1957
GO:0045815,25,41,0.6878,0.5600,60.0000,2.1616,30.0000,80.4878,0.8100,-0.6262,transcription initiation-coupled chromatin remodeling,,39,0.5000,0.3788,0.0000,0,,,0.1878
GO:0045048,5,12,0.6833,0.7316,60.0000,7.0419,71.4286,100.0000,28.4821,0.2706,protein insertion into ER membrane,,18,0.8000,0.7176,0.6000,3,0.9747,0.0048,-0.1167
GO:0060078,9,28,0.6825,0.6249,55.5556,2.1092,13.3333,89.2857,0.1673,-0.6340,regulation of postsynaptic membrane potential,,4,0.4821,0.2432,0.0000,0,,,0.2004
GO:0043491,20,24,0.6813,0.7565,35.0000,1.7158,0.0000,93.7500,-3.1743,-2.8924,phosphatidylinositol 3-kinase/protein kinase B signal transduction,,12,0.6250,0.5909,0.2500,5,0.5494,0.0121,0.0563
GO:1904262,41,19,0.6791,0.8445,26.8293,1.2919,0.0000,78.9474,-4.2154,-3.0195,negative regulation of TORC1 signaling,,19,0.5488,0.7142,0.0976,4,0.4605,0.0025,0.1303
GO:0045742,7,18,0.6746,0.5984,57.1429,1.9261,22.2222,61.1111,0.0964,-0.5555,positive regulation of epidermal growth factor receptor signaling pathway,,17,0.5000,0.2800,0.0000,0,,,0.1746
GO:0071470,6,57,0.6667,0.3452,66.6667,1.5917,26.6667,93.8596,0.6439,0.0147,cellular response to osmotic stress,,13,0.5000,0.0952,0.0000,0,,,0.1667
GO:0045824,14,38,0.6654,0.5173,57.1429,1.6132,16.6667,80.2632,0.2447,-0.5250,negative regulation of innate immune response,,18,0.5000,0.2692,0.0000,0,,,0.1654
GO:0042149,12,27,0.6605,0.5337,50.0000,1.7180,9.3750,83.3333,0.2162,-1.1419,cellular response to glucose starvation,,10,0.5000,0.3077,0.0000,0,,,0.1605
GO:0051988,5,10,0.6600,0.6200,40.0000,2.4646,20.0000,80.0000,-0.0333,-1.0724,regulation of attachment of spindle microtubules to kinetochore,,6,0.5000,0.3333,0.0000,0,,,0.1600
GO:0051310,5,35,0.6571,0.2003,20.0000,1.8991,0.0000,71.4286,-2.0979,-2.5021,metaphase chromosome alignment,,9,0.4857,0.1250,0.0000,0,,,0.1714
GO:0090069,5,14,0.6571,0.4277,0.0000,1.4307,0.0000,78.5714,-60.2658,-11.1392,regulation of ribosome biogenesis,,5,0.5000,0.2632,0.0000,0,,,0.1571
GO:0071230,16,55,0.6511,0.5555,37.5000,1.0516,3.5714,67.2727,-2.0657,-2.1854,cellular response to amino acid stimulus,,9,0.5000,0.2254,0.0000,0,,,0.1511
GO:0000380,5,12,0.6500,0.7204,0.0000,2.4222,0.0000,100.0000,-3.5829,-3.6489,"alternative mRNA splicing, via spliceosome",,21,0.5000,0.2941,0.0000,0,,,0.1500
GO:0022008,7,50,0.6486,0.2615,42.8571,1.2457,8.0000,60.0000,-0.8169,-1.8079,neurogenesis,,10,0.2900,0.1228,0.0000,0,,,0.3586
GO:0030301,5,40,0.6450,0.4886,40.0000,0.9417,0.0000,62.5000,-4.0686,-2.8561,cholesterol transport,,9,0.5000,0.1111,0.0000,0,,,0.1450
GO:1990748,9,61,0.6448,0.3053,44.4444,1.4579,6.4516,88.5246,-0.6508,-1.9982,cellular detoxification,,9,0.5410,0.1386,0.2222,2,0.2967,0.4382,0.1038
GO:0071027,6,21,0.6429,0.6310,50.0000,1.8091,0.0000,64.2857,-5.3715,-3.5323,nuclear RNA surveillance,,14,0.5000,0.2222,0.0000,0,,,0.1429
GO:0030466,10,12,0.6417,0.7292,50.0000,1.8246,28.5714,70.8333,-0.0756,-0.2186,silent mating-type cassette heterochromatin formation,,28,0.5500,0.5091,0.1000,1,0.5222,0.1215,0.0917
GO:0043124,36,23,0.6413,0.8017,50.0000,1.8144,16.6667,91.3043,-0.0186,-0.9237,negative regulation of canonical NF-kappaB signal transduction,,17,0.5139,0.6210,0.0278,1,0.2522,0.1378,0.1274
GO:0097352,5,21,0.6381,0.5545,40.0000,1.2037,0.0000,61.9048,-7.8707,-3.9099,autophagosome maturation,,12,0.5000,0.1923,0.0000,0,,,0.1381
GO:0052170,12,13,0.6346,0.7108,16.6667,0.6225,0.0000,73.0769,-28.9392,-5.1622,symbiont-mediated suppression of host innate immune response,,10,0.5833,0.5667,0.1667,2,0.4408,0.1515,0.0513
GO:0044818,6,30,0.6278,0.4384,33.3333,0.9954,6.2500,61.6667,-2.1558,-2.0986,mitotic G2/M transition checkpoint,,33,0.5833,0.3056,0.1667,1,0.3928,0.4411,0.0445
GO:0031670,4,49,0.6276,0.1225,75.0000,1.2649,30.7692,65.3061,0.0635,-0.2326,cellular response to nutrient,,9,0.5000,0.0755,0.0000,0,,,0.1276
GO:0002931,6,22,0.6212,0.3512,50.0000,1.7233,12.5000,70.4545,0.1097,-1.4368,response to ischemia,,3,0.5000,0.2143,0.0000,0,,,0.1212
GO:0045943,11,21,0.6190,0.5010,27.2727,1.5876,0.0000,66.6667,-4.2322,-3.3068,positive regulation of transcription by RNA polymerase I,,24,0.5000,0.3438,0.0000,0,,,0.1190
GO:0001678,5,54,0.6148,0.1378,40.0000,1.1847,24.1379,64.8148,-0.0710,-0.6602,intracellular glucose homeostasis,,7,0.4907,0.0847,0.0000,0,,,0.1241
GO:0010467,46,46,0.6101,0.6415,30.4348,1.1776,4.5455,56.5217,-1.3698,-1.7646,gene expression,,6,0.7245,0.7396,0.7609,35,0.1938,0.1969,-0.1144
GO:0030317,54,41,0.6098,0.7280,27.7778,1.1907,0.0000,62.1951,-4.9353,-3.5276,flagellated sperm motility,,11,0.7778,0.8082,0.5556,30,0.2309,0.0929,-0.1680
GO:0006007,10,23,0.6087,0.4939,0.0000,0.6032,0.0000,63.0435,-10.0538,-4.5661,glucose catabolic process,,14,0.5000,0.3030,0.0000,0,,,0.1087
GO:0098719,13,10,0.6077,0.7137,23.0769,0.2704,0.0000,50.0000,-29.6088,-7.7523,sodium ion import across plasma membrane,,17,0.5000,0.5652,0.0000,0,,,0.1077
GO:0071526,6,25,0.6067,0.6113,50.0000,3.1904,3.8462,82.0000,-170.2861,-13.9136,semaphorin-plexin signaling pathway,,11,0.7500,0.5968,0.5000,3,0.8804,0.0206,-0.1433
GO:2000059,7,28,0.5969,0.3387,28.5714,1.3023,0.0000,67.8571,-8.6041,-4.3888,negative regulation of ubiquitin-dependent protein catabolic process,,18,0.5000,0.2000,0.0000,0,,,0.0969
GO:2000766,6,11,0.5909,0.5633,50.0000,2.0312,16.6667,77.2727,-0.9103,-1.5386,negative regulation of cytoplasmic translation,,23,0.5000,0.3529,0.0000,0,,,0.0909
GO:0050850,6,25,0.5867,0.5156,33.3333,1.6081,7.6923,76.0000,-0.4189,-0.7005,positive regulation of calcium-mediated signaling,,17,0.5000,0.1935,0.0000,0,,,0.0867
GO:0032099,7,11,0.5844,0.5928,28.5714,0.7036,0.0000,45.4545,-17.8945,-6.0533,negative regulation of appetite,,14,0.5000,0.3889,0.0000,0,,,0.0844
GO:0098586,7,17,0.5798,0.6015,42.8571,0.7444,12.5000,35.2941,-1.6070,-1.7139,cellular response to virus,,8,0.5000,0.2917,0.0000,0,,,0.0798
GO:0071466,9,33,0.5690,0.2645,33.3333,1.2536,17.6471,60.6061,-0.2847,-1.1672,cellular response to xenobiotic stimulus,,7,0.5000,0.2143,0.0000,0,,,0.0690
GO:0071468,18,13,0.5641,0.7370,27.7778,0.5924,14.2857,53.8462,-1.7264,-1.7363,cellular response to acidic pH,,10,0.5000,0.5806,0.0000,0,,,0.0641
GO:0001837,5,44,0.5591,0.3349,40.0000,0.0745,0.0000,29.5455,-17.7380,-6.1278,epithelial to mesenchymal transition,,10,0.6000,0.2816,0.2000,1,0.7071,0.1817,-0.0409
GO:0030101,5,29,0.5586,0.5032,40.0000,1.2924,0.0000,65.5172,-5.4702,-3.3827,natural killer cell activation,,7,0.6000,0.3176,0.2000,1,0.7071,0.1817,-0.0414
GO:0032480,18,16,0.5556,0.6865,22.2222,1.4419,5.5556,62.5000,-2.1232,-1.9425,negative regulation of type I interferon production,,21,0.5000,0.5294,0.0000,0,,,0.0556
GO:1903077,4,10,0.5500,0.4152,0.0000,1.0001,0.0000,65.0000,-264.0155,-22.9138,negative regulation of protein localization to plasma membrane,,15,0.5000,0.2857,0.0000,0,,,0.0500
GO:1904263,50,15,0.5253,0.8334,36.0000,0.9670,0.0000,50.0000,-2.0506,-2.0258,positive regulation of TORC1 signaling,,19,0.5100,0.7738,0.0200,1,0.2425,0.0897,0.0153
GO:0051291,9,26,0.5214,0.3076,11.1111,0.7426,7.1429,57.6923,-1.5939,-1.6127,protein heterooligomerization,,9,0.5000,0.2571,0.0000,0,,,0.0214
GO:0001556,8,13,0.5192,0.5409,25.0000,-0.1471,0.0000,38.4615,-3.2943,-2.6129,oocyte maturation,,21,0.5000,0.3810,0.0000,0,,,0.0192
GO:1900087,6,24,0.5069,0.3520,16.6667,1.1745,0.0000,43.7500,-2.8758,-2.4746,positive regulation of G1/S transition of mitotic cell cycle,,19,0.5000,0.2000,0.0000,0,,,0.0069
GO:0140253,6,29,0.5057,0.3666,33.3333,1.3005,0.0000,27.5862,-1.8176,-2.1200,cell-cell fusion,,2,0.5000,0.1714,0.0000,0,,,0.0057
GO:0052553,18,25,0.5000,0.5994,33.3333,-0.1591,0.0000,44.0000,-3.6337,-2.6153,symbiont-mediated perturbation of host immune response,,7,0.5000,0.4186,0.0000,0,,,0.0000
GO:2000311,21,16,0.4940,0.5485,0.0000,0.5786,0.0000,62.5000,-58.3949,-10.9327,regulation of AMPA receptor activity,,15,0.5000,0.5676,0.0000,0,,,-0.0060
GO:0050687,13,10,0.4846,0.5884,0.0000,0.2954,0.0000,50.0000,-49.8895,-10.0709,negative regulation of defense response to virus,,14,0.5000,0.5652,0.0000,0,,,-0.0154
GO:1902074,5,19,0.4842,0.4525,40.0000,-0.1022,0.0000,15.7895,-9.5583,-4.6053,response to salt,,3,0.5000,0.2083,0.0000,0,,,-0.0158
GO:0007286,5,46,0.4652,0.1099,40.0000,0.5211,4.1667,32.6087,-3.0701,-2.7292,spermatid development,,17,0.4891,0.0980,0.0000,0,,,-0.0239
GO:0009624,11,15,0.4303,0.3999,18.1818,0.7021,37.5000,46.6667,-0.8710,-0.9428,response to nematode,,7,0.5000,0.4231,0.0000,0,,,-0.0697
GO:0010828,7,27,0.4286,0.2654,0.0000,0.2214,0.0000,55.5556,-50.7615,-10.1906,positive regulation of D-glucose transmembrane transport,,12,0.5000,0.2059,0.0000,0,,,-0.0714
GO:0009407,5,19,0.4105,0.2109,0.0000,0.9469,10.0000,42.1053,-1.9934,-1.7851,toxin catabolic process,,10,0.5000,0.2083,0.0000,0,,,-0.0895
GO:0006207,5,27,0.3852,0.1665,0.0000,-0.2748,0.0000,25.9259,-8.7652,-4.1291,'de novo' pyrimidine nucleobase biosynthetic process,,14,0.6000,0.3250,0.2000,1,-0.7071,0.1817,-0.2148
GO:0007210,7,11,0.3766,0.3425,0.0000,-0.5222,0.0000,36.3636,-255.4157,-22.6609,serotonin receptor signaling pathway,,22,0.5000,0.3889,0.0000,0,,,-0.1234
GO:0051715,7,15,0.3714,0.4339,14.2857,-0.3766,0.0000,26.6667,-4.2155,-2.8908,cytolysis in another organism,,8,0.5000,0.3182,0.0000,0,,,-0.1286
GO:0016036,8,18,0.2778,0.3365,12.5000,-0.1654,0.0000,16.6667,-4.7334,-3.1766,cellular response to phosphate starvation,,10,0.5000,0.3077,0.0000,0,,,-0.2222
GO:1903409,17,20,0.2588,0.3440,0.0000,-0.4482,0.0000,20.0000,-3.3720,-2.6844,reactive oxygen species biosynthetic process,,5,0.5000,0.4595,0.0000,0,,,-0.2412
GO:2000781,6,26,0.1731,0.1314,0.0000,0.0482,8.3333,7.6923,-2.7856,-2.6806,positive regulation of double-strand break repair,,21,0.5000,0.1875,0.0000,0,,,-0.3269
